{
    "name": "root",
    "gauges": {
        "Jumper.Policy.Entropy.mean": {
            "value": 0.1588197648525238,
            "min": 0.09210019558668137,
            "max": 0.6924919486045837,
            "count": 402
        },
        "Jumper.Environment.EpisodeLength.mean": {
            "value": 581.1428571428571,
            "min": 76.95081967213115,
            "max": 1770.111111111111,
            "count": 402
        },
        "Jumper.Policy.ExtrinsicValueEstimate.mean": {
            "value": 0.09772709757089615,
            "min": -0.6054912209510803,
            "max": 0.14818796515464783,
            "count": 402
        },
        "Jumper.Policy.CuriosityValueEstimate.mean": {
            "value": 0.014444123022258282,
            "min": -0.0410764142870903,
            "max": 0.11439470201730728,
            "count": 402
        },
        "Jumper.Environment.CumulativeReward.mean": {
            "value": 0.2178571011338915,
            "min": -1.1084158241306201,
            "max": 3.9999998407438397,
            "count": 402
        },
        "Jumper.Policy.ExtrinsicReward.mean": {
            "value": 0.2178571011338915,
            "min": -1.1084158241306201,
            "max": 3.9999998407438397,
            "count": 402
        },
        "Jumper.Policy.CuriosityReward.mean": {
            "value": 0.06902798187054161,
            "min": 0.0003413484974362708,
            "max": 0.26937647437443957,
            "count": 402
        },
        "Jumper.Losses.ValueLoss.mean": {
            "value": 0.006810372695326805,
            "min": 0.004380806814879179,
            "max": 0.030602484941482544,
            "count": 402
        },
        "Jumper.Losses.PolicyLoss.mean": {
            "value": 0.13949590921401978,
            "min": 0.1276094764471054,
            "max": 0.1482069492340088,
            "count": 402
        },
        "Jumper.Policy.LearningRate.mean": {
            "value": 0.0003000000142492354,
            "min": 0.00029999998514540493,
            "max": 0.0003000000142492354,
            "count": 402
        },
        "Jumper.Policy.Epsilon.mean": {
            "value": 0.20000004768371582,
            "min": 0.20000001788139343,
            "max": 0.20000004768371582,
            "count": 402
        },
        "Jumper.Policy.Beta.mean": {
            "value": 0.004999999422580004,
            "min": 0.004999998956918716,
            "max": 0.004999999888241291,
            "count": 402
        },
        "Jumper.Losses.CuriosityForwardLoss.mean": {
            "value": 0.0057089850306510925,
            "min": 0.002954509574919939,
            "max": 0.029949286952614784,
            "count": 402
        },
        "Jumper.Losses.CuriosityInverseLoss.mean": {
            "value": 0.1486637145280838,
            "min": 0.08508642762899399,
            "max": 0.6939509510993958,
            "count": 402
        },
        "Jumper.IsTraining.mean": {
            "value": 1.0,
            "min": 1.0,
            "max": 1.0,
            "count": 402
        }
    },
    "metadata": {
        "timer_format_version": "0.1.0",
        "start_time_seconds": "1606591638",
        "python_version": "3.8.5 (default, Sep  3 2020, 21:29:08) [MSC v.1916 64 bit (AMD64)]",
        "command_line_arguments": "C:\\Anaconda\\envs\\ml-agents\\Scripts\\mlagents-learn Jumper.yml --run-id Jumper-01 --force",
        "mlagents_version": "0.21.1",
        "mlagents_envs_version": "0.21.1",
        "communication_protocol_version": "1.2.0",
        "tensorflow_version": "2.3.1",
        "numpy_version": "1.19.2",
        "end_time_seconds": "1606598817"
    },
    "total": 7179.112252,
    "count": 1,
    "self": 0.004754999999931897,
    "children": {
        "run_training.setup": {
            "total": 0.007971600000000079,
            "count": 1,
            "self": 0.007971600000000079
        },
        "TrainerController.start_learning": {
            "total": 7179.0995254,
            "count": 1,
            "self": 4.765567300026305,
            "children": {
                "TrainerController._reset_env": {
                    "total": 8.261394,
                    "count": 1,
                    "self": 8.261394
                },
                "TrainerController.advance": {
                    "total": 7163.415989699974,
                    "count": 209074,
                    "self": 2.1218850002087493,
                    "children": {
                        "env_step": {
                            "total": 7161.294104699765,
                            "count": 209074,
                            "self": 6859.226734999693,
                            "children": {
                                "SubprocessEnvManager._take_step": {
                                    "total": 299.2934063999399,
                                    "count": 209074,
                                    "self": 5.758101799936696,
                                    "children": {
                                        "TFPolicy.evaluate": {
                                            "total": 293.5353046000032,
                                            "count": 201301,
                                            "self": 293.5353046000032
                                        }
                                    }
                                },
                                "workers": {
                                    "total": 2.7739633001318307,
                                    "count": 209073,
                                    "self": 0.0,
                                    "children": {
                                        "worker_root": {
                                            "total": 7163.886279600066,
                                            "count": 209073,
                                            "is_parallel": true,
                                            "self": 800.7575143999329,
                                            "children": {
                                                "steps_from_proto": {
                                                    "total": 0.0010256999999995742,
                                                    "count": 1,
                                                    "is_parallel": true,
                                                    "self": 0.00020829999999971704,
                                                    "children": {
                                                        "_process_vector_observation": {
                                                            "total": 0.0008173999999998571,
                                                            "count": 4,
                                                            "is_parallel": true,
                                                            "self": 0.0008173999999998571
                                                        }
                                                    }
                                                },
                                                "UnityEnvironment.step": {
                                                    "total": 6363.1277395001325,
                                                    "count": 209073,
                                                    "is_parallel": true,
                                                    "self": 18.472520700172936,
                                                    "children": {
                                                        "UnityEnvironment._generate_step_input": {
                                                            "total": 87.79195489989611,
                                                            "count": 209073,
                                                            "is_parallel": true,
                                                            "self": 87.79195489989611
                                                        },