{"count":1,"self":737.45341439999993,"total":6960.9976185999994,"children":{"AgentSendState":{"count":659834,"self":93.2512512,"total":1366.2552157999999,"children":{"CollectObservations":{"count":2639340,"self":15.987943999999999,"total":15.987944299999999,"children":null},"CollectDiscreteActionMasks":{"count":2639340,"self":15.884307199999999,"total":15.884307399999999,"children":null},"AgentInfo.ToProto":{"count":2639340,"self":50.9527808,"total":1241.1317156999999,"children":{"GenerateSensorData":{"count":2639340,"self":892.86871039999994,"total":1190.1789354999999,"children":{"RayPerceptionSensor.Perceive":{"count":2639340,"self":297.3102848,"total":297.31027309999996,"children":null}}}}}}},"DecideAction":{"count":659834,"self":4848.3950592,"total":4848.3951393,"children":null},"AgentAct":{"count":659834,"self":5.3897564,"total":5.3897564,"children":null},"AgentInfo.ToProto":{"count":5051,"self":0.1148961,"total":3.5021074,"children":{"GenerateSensorData":{"count":5051,"self":2.6977165999999997,"total":3.3872112999999997,"children":{"RayPerceptionSensor.Perceive":{"count":5051,"self":0.6894947,"total":0.6894947,"children":null}}}}}},"gauges":{"Jumper.CumulativeReward":{"count":5051,"max":13.3999834,"min":-1.75000012,"runningAverage":0.138259828,"value":5.899998,"weightedAverage":2.425437}},"metadata":{"timer_format_version":"0.1.0","start_time_seconds":"1606599055","unity_version":"2019.4.10f1","command_line_arguments":"C:\\Program Files\\Unity\\Hub\\Editor\\2019.4.10f1\\Editor\\Unity.exe -projectpath E:\/Unity Projects\/JumpObstacle -useHub -hubIPC -cloudEnvironment production -hubSessionId 9c49c0c0-3161-11eb-ac64-e72063cedafd -accessToken sYpmQrmSUxr4g13dpgOPln62pI8VajDcPKBJU9o8sJ8001f","communication_protocol_version":"1.0.0","com.unity.ml-agents_version":"1.0.5","scene_name":"SampleScene","end_time_seconds":"1606606016"}}