{"count":1,"self":529.970688,"total":7142.7945487,"children":{"AgentSendState":{"count":368401,"self":97.0463168,"total":1474.8230587,"children":{"CollectObservations":{"count":2947240,"self":17.2622736,"total":17.2622735,"children":null},"CollectDiscreteActionMasks":{"count":2947240,"self":17.355889599999998,"total":17.3558894,"children":null},"AgentInfo.ToProto":{"count":2947240,"self":54.584032,"total":1343.1585765,"children":{"GenerateSensorData":{"count":2947240,"self":938.99458559999994,"total":1288.5745448,"children":{"RayPerceptionSensor.Perceive":{"count":2947240,"self":349.5799808,"total":349.5799852,"children":null}}}}}}},"DecideAction":{"count":368401,"self":5133.7363455999994,"total":5133.7364135,"children":null},"AgentAct":{"count":368401,"self":3.4626167999999997,"total":3.462617,"children":null},"AgentInfo.ToProto":{"count":1246,"self":0.029996199999999997,"total":0.7997557,"children":{"GenerateSensorData":{"count":1246,"self":0.603708,"total":0.76975949999999993,"children":{"RayPerceptionSensor.Perceive":{"count":1246,"self":0.1660515,"total":0.1660515,"children":null}}}}}},"gauges":{"Jumper.CumulativeReward":{"count":1246,"max":51.20014,"min":-2,"runningAverage":10.1804228,"value":18.199995,"weightedAverage":11.0120268}},"metadata":{"timer_format_version":"0.1.0","start_time_seconds":"1606668272","unity_version":"2019.4.10f1","command_line_arguments":"C:\\Program Files\\Unity\\Hub\\Editor\\2019.4.10f1\\Editor\\Unity.exe -projectpath E:\/Unity Projects\/JumpObstacle -useHub -hubIPC -cloudEnvironment production -hubSessionId 74847ca0-3234-11eb-9422-1f0c1c86b8eb -accessToken 5fmIKo9zwyMHnW_c8pOjXWlKsd2cyO7BMok_UKcm-ak001f","communication_protocol_version":"1.0.0","com.unity.ml-agents_version":"1.0.5","scene_name":"SampleScene","end_time_seconds":"1606675415"}}